{"cameraMode":{"drawMode":0,"name":"Shaded","section":"Shading Mode"},"sceneLighting":false,"audioPlay":false,"sceneViewState":{"showFog":true,"showMaterialUpdate":false,"showSkybox":false,"showFlares":true,"showImageEffects":true,"showParticleSystems":true},"in2DMode":false,"pivot":{"x":324.9320983886719,"y":72.54423522949219,"z":413.63543701171877},"rotation":{"x":-0.01338708121329546,"y":0.9854316711425781,"z":-0.14169414341449738,"w":-0.09310220927000046},"size":2.8578836917877199,"orthographic":false}