{"cameraMode":{"drawMode":0,"name":"Shaded","section":"Shading Mode"},"sceneLighting":false,"audioPlay":false,"sceneViewState":{"showFog":true,"showMaterialUpdate":false,"showSkybox":false,"showFlares":true,"showImageEffects":true,"showParticleSystems":true},"in2DMode":false,"pivot":{"x":180.9490509033203,"y":34.56515121459961,"z":431.0},"rotation":{"x":0.22106105089187623,"y":-0.008194423280656338,"z":0.0018572653643786908,"w":0.9752238392829895},"size":32.52113342285156,"orthographic":false}