{"cameraMode":{"drawMode":0,"name":"Shaded","section":"Shading Mode"},"sceneLighting":false,"audioPlay":false,"sceneViewState":{"showFog":true,"showMaterialUpdate":false,"showSkybox":false,"showFlares":true,"showImageEffects":true,"showParticleSystems":true},"in2DMode":false,"pivot":{"x":364.2215881347656,"y":-4.649946212768555,"z":140.10354614257813},"rotation":{"x":0.04314054548740387,"y":0.8288758397102356,"z":-0.06454296410083771,"w":0.5540199279785156},"size":392.4855041503906,"orthographic":false}